# POINT,X,Y,Mach,MACH_ANG__D,PSI__D,FLOW_ANG__D,X_IN,Y_IN
1.700000000000000000e+01,9.552536400000000150e-02,6.668576699999999580e-01,1.035294799999999960e+00,7.499615300000000673e+01,2.917851799999999773e-01,2.052214400000000050e-01,1.241830000000000017e-02,8.669150000000000467e-02
1.800000000000000000e+01,1.164557799999999949e-01,7.385442599999999524e-01,1.054528600000000038e+00,7.149411499999999364e+01,5.535195800000000110e-01,4.350008699999999839e-01,1.513929999999999963e-02,9.601079999999999337e-02
1.900000000000000000e+01,1.482598900000000053e-01,8.270240899999999895e-01,1.083566199999999924e+00,6.735060099999999750e+01,1.031192899999999968e+00,8.422348899999999583e-01,1.927380000000000065e-02,1.075131000000000003e-01
2.000000000000000000e+01,1.850731399999999971e-01,9.122359799999999463e-01,1.117806700000000042e+00,6.345825399999999661e+01,1.689955099999999932e+00,1.393939199999999934e+00,2.405950000000000102e-02,1.185906999999999933e-01
2.100000000000000000e+01,2.240083200000000108e-01,9.903237400000000079e-01,1.155468200000000056e+00,5.993413499999999772e+01,2.504165299999999927e+00,2.069624199999999803e+00,2.912110000000000046e-02,1.287420999999999982e-01
2.200000000000000000e+01,2.631107999999999780e-01,1.060459700000000005e+00,1.195365199999999906e+00,5.677908800000000156e+01,3.444671800000000061e+00,2.847381100000000220e+00,3.420440000000000286e-02,1.378598000000000046e-01
2.300000000000000000e+01,3.009779200000000099e-01,1.122683499999999945e+00,1.236567699999999936e+00,5.396814200000000028e+01,4.480595600000000012e+00,3.704416499999999779e+00,3.912709999999999799e-02,1.459488999999999925e-01
